               epoch,      train/box_loss,      train/obj_loss,      train/cls_loss,   metrics/precision,      metrics/recall,     metrics/mAP_0.5,metrics/mAP_0.5:0.95,        val/box_loss,        val/obj_loss,        val/cls_loss,               x/lr0,               x/lr1,               x/lr2
                   0,            0.092045,            0.028002,            0.027235,             0.26022,             0.41933,             0.23306,            0.091148,            0.052326,            0.016513,            0.019528,            0.070476,           0.0032804,           0.0032804
                   1,            0.062979,            0.022562,            0.020133,             0.61675,             0.62184,             0.56118,             0.22225,            0.045214,            0.010856,           0.0094036,            0.040149,           0.0062864,           0.0062864
